{
"lengthUnit": "mil",
"components": {
	"fields": ["COMPONENT_NO", "COMPONENT_NAME", "LAYER", "X_COORDINATE", "Y_COORDINATE", "ANGLE"],
	"rows": [
		[1, "C24", "T", 1144, -578, 180],
		[2, "C25", "T", 1162, -806, 0],
		[3, "C26", "T", 335.96, -441.07, 90],
		[4, "C67", "B", 516, -870, 270],
		[5, "C68", "B", 464, -870, 270],
		[6, "C69", "B", 725.08, -606.99, 180],
		[7, "C70", "B", 886, -560, 270],
		[8, "C71", "B", 804, -560, 270],
		[9, "C72", "B", 964, -670, 180],
		[10, "C73", "B", 886, -800, 90],
		[11, "C74", "B", 725.08, -656.49, 0],
		[12, "C75", "B", 725.08, -706, 0],
		[13, "C76", "B", 778, -800, 90],
		[14, "C77", "T", 634, -556, 0],
		[15, "C78", "T", 634, -506, 0],
		[16, "C79", "T", 1082, -492, 180],
		[17, "C80", "T", 1604.08, -474, 0],
		[18, "C81", "T", 1494, -474, 0],
		[19, "D29", "T", 180, -894, 270],
		[20, "D30", "T", 398, -1158, 180],
		[21, "D31", "T", 598, -1158, 180],
		[22, "D32", "T", 798, -1158, 180],
		[23, "D33", "T", 1398, -1158, 0],
		[24, "D34", "T", 1198, -1158, 180],
		[25, "D35", "T", 996, -1158, 180],
		[26, "H2", "T", 889.76, -102.36, 0],
		[27, "H3", "T", 846.46, -1374.02, 0],
		[28, "LED1", "T", 1494.55, -366, 0],
		[29, "LED2", "T", 1494.55, -419.99, 0],
		[30, "R3", "T", 626, -654, 180],
		[31, "R4", "T", 626, -606.99, 180],
		[32, "R5", "T", 294, -894, 270],
		[33, "R6", "T", 244, -894, 90],
		[34, "R20", "T", 1060, -652, 270],
		[35, "R46", "T", 347, -1275, 270],
		[36, "R47", "T", 447, -1275, 270],
		[37, "R48", "T", 547, -1275, 270],
		[38, "R49", "T", 647, -1275, 270],
		[39, "R50", "T", 747, -1275, 270],
		[40, "R51", "T", 847, -1275, 270],
		[41, "R52", "T", 947, -1275, 270],
		[42, "R53", "T", 1047, -1275, 270],
		[43, "R54", "T", 1147, -1275, 270],
		[44, "R55", "T", 1247, -1275, 270],
		[45, "R56", "T", 1347, -1275, 270],
		[46, "R57", "T", 1447, -1275, 270],
		[47, "R58", "T", 1604.08, -366, 0],
		[48, "R59", "T", 1604.08, -420, 0],
		[49, "R60", "T", 1650, -718, 270],
		[50, "U15", "T", 1156, -690, 90],
		[51, "U37", "T", 178, -670, 270],
		[52, "U38", "T", 1218, -388, 0],
		[53, "U39", "T", 1218, -242, 0],
		[54, "U41", "T", 846.46, -678.66, 90],
		[55, "U42", "T", 412, -686, 0],
		[56, "U43", "T", 1470, -708.66, 270],
		[57, "U44", "T", 1470, -242, 0],
		[58, "USB5", "B", 231.22, -708.66, 90]
	]
},
"pins": {
	"fields": ["PIN_NO", "PIN_NAME", "PIN_X", "PIN_Y", "LAYER", "PIN_TYPE", "NET_NAME", "NET_TYPE", "PAD_SHAPE", "PAD_SIZEX", "PAD_SIZEY", "HOLE_SIZE", "PAD_ANGLE"],
	"rows": [
		[1, "C24_1", 1165.46, -578, "T", "SMD", "GND", "GND", "R", 31.11, 21.26, 0, 180],
		[2, "C24_2", 1122.54, -578, "T", "SMD", "$1N3717", "", "R", 31.11, 21.26, 0, 180],
		[3, "C25_1", 1140.54, -806, "T", "SMD", "GND", "GND", "R", 31.11, 21.26, 0, 0],
		[4, "C25_2", 1183.46, -806, "T", "SMD", "XI", "", "R", 31.11, 21.26, 0, 0],
		[5, "C26_1", 335.96, -462.53, "T", "SMD", "3V3", "", "R", 31.11, 21.26, 0, 90],
		[6, "C26_2", 335.96, -419.61, "T", "SMD", "GND", "GND", "R", 31.11, 21.26, 0, 90],
		[7, "C67_1", 516, -848.54, "B", "SMD", "+5V", "", "R", 31.11, 21.26, 0, 270],
		[8, "C67_2", 516, -891.46, "B", "SMD", "GND", "GND", "R", 31.11, 21.26, 0, 270],
		[9, "C68_1", 464, -848.54, "B", "SMD", "+5V", "", "R", 31.11, 21.26, 0, 270],
		[10, "C68_2", 464, -891.46, "B", "SMD", "GND", "GND", "R", 31.11, 21.26, 0, 270],
		[11, "C69_1", 746.54, -606.99, "B", "SMD", "3V3", "", "R", 31.11, 21.26, 0, 180],
		[12, "C69_2", 703.62, -606.99, "B", "SMD", "GND", "GND", "R", 31.11, 21.26, 0, 180],
		[13, "C70_1", 886, -538.54, "B", "SMD", "GND", "GND", "R", 31.11, 21.26, 0, 270],
		[14, "C70_2", 886, -581.46, "B", "SMD", "3V3", "", "R", 31.11, 21.26, 0, 270],
		[15, "C71_1", 804, -538.54, "B", "SMD", "GND", "GND", "R", 31.11, 21.26, 0, 270],
		[16, "C71_2", 804, -581.46, "B", "SMD", "3V3", "", "R", 31.11, 21.26, 0, 270],
		[17, "C72_1", 985.46, -670, "B", "SMD", "GND", "GND", "R", 31.11, 21.26, 0, 180],
		[18, "C72_2", 942.54, -670, "B", "SMD", "3V3", "", "R", 31.11, 21.26, 0, 180],
		[19, "C73_1", 886, -821.46, "B", "SMD", "GND", "GND", "R", 31.11, 21.26, 0, 90],
		[20, "C73_2", 886, -778.54, "B", "SMD", "3V3", "", "R", 31.11, 21.26, 0, 90],
		[21, "C74_1", 703.62, -656.49, "B", "SMD", "GND", "GND", "R", 31.11, 21.26, 0, 0],
		[22, "C74_2", 746.54, -656.49, "B", "SMD", "3V3", "", "R", 31.11, 21.26, 0, 0],
		[23, "C75_1", 703.62, -706, "B", "SMD", "GND", "GND", "R", 31.11, 21.26, 0, 0],
		[24, "C75_2", 746.54, -706, "B", "SMD", "3V3", "", "R", 31.11, 21.26, 0, 0],
		[25, "C76_1", 778, -821.46, "B", "SMD", "GND", "GND", "R", 31.11, 21.26, 0, 90],
		[26, "C76_2", 778, -778.54, "B", "SMD", "3V3", "", "R", 31.11, 21.26, 0, 90],
		[27, "C77_1", 612.54, -556, "T", "SMD", "GND", "GND", "R", 31.11, 21.26, 0, 0],
		[28, "C77_2", 655.46, -556, "T", "SMD", "+1V", "", "R", 31.11, 21.26, 0, 0],
		[29, "C78_1", 612.54, -506, "T", "SMD", "GND", "GND", "R", 31.11, 21.26, 0, 0],
		[30, "C78_2", 655.46, -506, "T", "SMD", "+1V", "", "R", 31.11, 21.26, 0, 0],
		[31, "C79_1", 1103.46, -492, "T", "SMD", "GND", "GND", "R", 31.11, 21.26, 0, 180],
		[32, "C79_2", 1060.54, -492, "T", "SMD", "+1V", "", "R", 31.11, 21.26, 0, 180],
		[33, "C80_1", 1582.62, -474, "T", "SMD", "$1N10559", "", "R", 31.11, 21.26, 0, 0],
		[34, "C80_2", 1625.54, -474, "T", "SMD", "GND", "GND", "R", 31.11, 21.26, 0, 0],
		[35, "C81_1", 1472.54, -474, "T", "SMD", "GND", "GND", "R", 31.11, 21.26, 0, 0],
		[36, "C81_2", 1515.46, -474, "T", "SMD", "+5V", "", "R", 31.11, 21.26, 0, 0],
		[37, "D29_1", 180, -847.84, "T", "SMD", "$1N4612", "", "R", 39.37, 29.53, 0, 270],
		[38, "D29_2", 180, -940.17, "T", "SMD", "$1N3739", "", "R", 39.37, 29.53, 0, 270],
		[39, "D30_1", 423.59, -1122.25, "T", "SMD", "GND", "GND", "R", 13.78, 36.06, 0, 180],
		[40, "D30_2", 398, -1122.25, "T", "SMD", "3V3", "", "R", 13.78, 36.06, 0, 180],
		[41, "D30_3", 372.41, -1122.25, "T", "SMD", "CHAN0", "", "R", 13.78, 36.06, 0, 180],
		[42, "D30_4", 372.41, -1193.75, "T", "SMD", "GND", "GND", "R", 13.78, 36.06, 0, 180],
		[43, "D30_5", 398, -1193.75, "T", "SMD", "3V3", "", "R", 13.78, 36.06, 0, 180],
		[44, "D30_6", 423.59, -1193.75, "T", "SMD", "CHAN1", "", "R", 13.78, 36.06, 0, 180],
		[45, "D31_1", 623.59, -1122.25, "T", "SMD", "GND", "GND", "R", 13.78, 36.06, 0, 180],
		[46, "D31_2", 598, -1122.25, "T", "SMD", "3V3", "", "R", 13.78, 36.06, 0, 180],
		[47, "D31_3", 572.41, -1122.25, "T", "SMD", "CHAN2", "", "R", 13.78, 36.06, 0, 180],
		[48, "D31_4", 572.41, -1193.75, "T", "SMD", "GND", "GND", "R", 13.78, 36.06, 0, 180],
		[49, "D31_5", 598, -1193.75, "T", "SMD", "3V3", "", "R", 13.78, 36.06, 0, 180],
		[50, "D31_6", 623.59, -1193.75, "T", "SMD", "CHAN3", "", "R", 13.78, 36.06, 0, 180],
		[51, "D32_1", 823.59, -1122.25, "T", "SMD", "GND", "GND", "R", 13.78, 36.06, 0, 180],
		[52, "D32_2", 798, -1122.25, "T", "SMD", "3V3", "", "R", 13.78, 36.06, 0, 180],
		[53, "D32_3", 772.41, -1122.25, "T", "SMD", "CHAN4", "", "R", 13.78, 36.06, 0, 180],
		[54, "D32_4", 772.41, -1193.75, "T", "SMD", "GND", "GND", "R", 13.78, 36.06, 0, 180],
		[55, "D32_5", 798, -1193.75, "T", "SMD", "3V3", "", "R", 13.78, 36.06, 0, 180],
		[56, "D32_6", 823.59, -1193.75, "T", "SMD", "CHAN5", "", "R", 13.78, 36.06, 0, 180],
		[57, "D33_1", 1372.41, -1193.75, "T", "SMD", "GND", "GND", "R", 13.78, 36.06, 0, 0],
		[58, "D33_2", 1398, -1193.75, "T", "SMD", "3V3", "", "R", 13.78, 36.06, 0, 0],
		[59, "D33_3", 1423.59, -1193.75, "T", "SMD", "TXD", "", "R", 13.78, 36.06, 0, 0],
		[60, "D33_4", 1423.59, -1122.25, "T", "SMD", "GND", "GND", "R", 13.78, 36.06, 0, 0],
		[61, "D33_5", 1398, -1122.25, "T", "SMD", "3V3", "", "R", 13.78, 36.06, 0, 0],
		[62, "D33_6", 1372.41, -1122.25, "T", "SMD", "RXD", "", "R", 13.78, 36.06, 0, 0],
		[63, "D34_1", 1223.59, -1122.25, "T", "SMD", "GND", "GND", "R", 13.78, 36.06, 0, 180],
		[64, "D34_2", 1198, -1122.25, "T", "SMD", "3V3", "", "R", 13.78, 36.06, 0, 180],
		[65, "D34_3", 1172.41, -1122.25, "T", "SMD", "SWD", "", "R", 13.78, 36.06, 0, 180],
		[66, "D34_4", 1172.41, -1193.75, "T", "SMD", "GND", "GND", "R", 13.78, 36.06, 0, 180],
		[67, "D34_5", 1198, -1193.75, "T", "SMD", "3V3", "", "R", 13.78, 36.06, 0, 180],
		[68, "D34_6", 1223.59, -1193.75, "T", "SMD", "SCK", "", "R", 13.78, 36.06, 0, 180],
		[69, "D35_1", 1021.59, -1122.25, "T", "SMD", "GND", "GND", "R", 13.78, 36.06, 0, 180],
		[70, "D35_2", 996, -1122.25, "T", "SMD", "3V3", "", "R", 13.78, 36.06, 0, 180],
		[71, "D35_3", 970.41, -1122.25, "T", "SMD", "CHAN6", "", "R", 13.78, 36.06, 0, 180],
		[72, "D35_4", 970.41, -1193.75, "T", "SMD", "GND", "GND", "R", 13.78, 36.06, 0, 180],
		[73, "D35_5", 996, -1193.75, "T", "SMD", "3V3", "", "R", 13.78, 36.06, 0, 180],
		[74, "D35_6", 1021.59, -1193.75, "T", "SMD", "CHAN7", "", "R", 13.78, 36.06, 0, 180],
		[75, "H2_1", 764.76, -127.36, "T", "DIP", "USBA_DP", "", "R", 39.37, 39.37, 27.56, 0],
		[76, "H2_1", 764.76, -127.36, "B", "DIP", "USBA_DP", "", "R", 39.37, 39.37, 27.56, 0],
		[77, "H2_2", 764.76, -77.36, "T", "DIP", "3V3", "", "C", 39.37, 39.37, 27.56, 0],
		[78, "H2_2", 764.76, -77.36, "B", "DIP", "3V3", "", "C", 39.37, 39.37, 27.56, 0],
		[79, "H2_3", 814.76, -127.36, "T", "DIP", "USBA_DN", "", "C", 39.37, 39.37, 27.56, 0],
		[80, "H2_3", 814.76, -127.36, "B", "DIP", "USBA_DN", "", "C", 39.37, 39.37, 27.56, 0],
		[81, "H2_4", 814.76, -77.36, "T", "DIP", "3V3", "", "C", 39.37, 39.37, 27.56, 0],
		[82, "H2_4", 814.76, -77.36, "B", "DIP", "3V3", "", "C", 39.37, 39.37, 27.56, 0],
		[83, "H2_5", 864.76, -127.36, "T", "DIP", "PICO_DP", "", "C", 39.37, 39.37, 27.56, 0],
		[84, "H2_5", 864.76, -127.36, "B", "DIP", "PICO_DP", "", "C", 39.37, 39.37, 27.56, 0],
		[85, "H2_6", 864.76, -77.36, "T", "DIP", "+5V", "", "C", 39.37, 39.37, 27.56, 0],
		[86, "H2_6", 864.76, -77.36, "B", "DIP", "+5V", "", "C", 39.37, 39.37, 27.56, 0],
		[87, "H2_7", 914.76, -127.36, "T", "DIP", "PICO_DN", "", "C", 39.37, 39.37, 27.56, 0],
		[88, "H2_7", 914.76, -127.36, "B", "DIP", "PICO_DN", "", "C", 39.37, 39.37, 27.56, 0],
		[89, "H2_8", 914.76, -77.36, "T", "DIP", "+5V", "", "C", 39.37, 39.37, 27.56, 0],
		[90, "H2_8", 914.76, -77.36, "B", "DIP", "+5V", "", "C", 39.37, 39.37, 27.56, 0],
		[91, "H2_9", 964.76, -127.36, "T", "DIP", "CH549_DP", "", "C", 39.37, 39.37, 27.56, 0],
		[92, "H2_9", 964.76, -127.36, "B", "DIP", "CH549_DP", "", "C", 39.37, 39.37, 27.56, 0],
		[93, "H2_10", 964.76, -77.36, "T", "DIP", "GND", "GND", "C", 39.37, 39.37, 27.56, 0],
		[94, "H2_10", 964.76, -77.36, "B", "DIP", "GND", "GND", "C", 39.37, 39.37, 27.56, 0],
		[95, "H2_11", 1014.76, -127.36, "T", "DIP", "CH549_DN", "", "C", 39.37, 39.37, 27.56, 0],
		[96, "H2_11", 1014.76, -127.36, "B", "DIP", "CH549_DN", "", "C", 39.37, 39.37, 27.56, 0],
		[97, "H2_12", 1014.76, -77.36, "T", "DIP", "GND", "GND", "C", 39.37, 39.37, 27.56, 0],
		[98, "H2_12", 1014.76, -77.36, "B", "DIP", "GND", "GND", "C", 39.37, 39.37, 27.56, 0],
		[99, "H3_1", 246.46, -1374.02, "T", "DIP", "GND", "GND", "C", 66.93, 66.93, 43.31, 0],
		[100, "H3_1", 246.46, -1374.02, "B", "DIP", "GND", "GND", "C", 66.93, 66.93, 43.31, 0],
		[101, "H3_2", 346.46, -1374.02, "T", "DIP", "$1N7068", "", "C", 66.93, 66.93, 43.31, 0],
		[102, "H3_2", 346.46, -1374.02, "B", "DIP", "$1N7068", "", "C", 66.93, 66.93, 43.31, 0],
		[103, "H3_3", 446.46, -1374.02, "T", "DIP", "$1N7111", "", "C", 66.93, 66.93, 43.31, 0],
		[104, "H3_3", 446.46, -1374.02, "B", "DIP", "$1N7111", "", "C", 66.93, 66.93, 43.31, 0],
		[105, "H3_4", 546.46, -1374.02, "T", "DIP", "$1N7154", "", "C", 66.93, 66.93, 43.31, 0],
		[106, "H3_4", 546.46, -1374.02, "B", "DIP", "$1N7154", "", "C", 66.93, 66.93, 43.31, 0],
		[107, "H3_5", 646.46, -1374.02, "T", "DIP", "$1N7197", "", "C", 66.93, 66.93, 43.31, 0],
		[108, "H3_5", 646.46, -1374.02, "B", "DIP", "$1N7197", "", "C", 66.93, 66.93, 43.31, 0],
		[109, "H3_6", 746.46, -1374.02, "T", "DIP", "$1N7240", "", "C", 66.93, 66.93, 43.31, 0],
		[110, "H3_6", 746.46, -1374.02, "B", "DIP", "$1N7240", "", "C", 66.93, 66.93, 43.31, 0],
		[111, "H3_7", 846.46, -1374.02, "T", "DIP", "$1N7283", "", "C", 66.93, 66.93, 43.31, 0],
		[112, "H3_7", 846.46, -1374.02, "B", "DIP", "$1N7283", "", "C", 66.93, 66.93, 43.31, 0],
		[113, "H3_8", 946.46, -1374.02, "T", "DIP", "$1N7326", "", "C", 66.93, 66.93, 43.31, 0],
		[114, "H3_8", 946.46, -1374.02, "B", "DIP", "$1N7326", "", "C", 66.93, 66.93, 43.31, 0],
		[115, "H3_9", 1046.46, -1374.02, "T", "DIP", "$1N7369", "", "C", 66.93, 66.93, 43.31, 0],
		[116, "H3_9", 1046.46, -1374.02, "B", "DIP", "$1N7369", "", "C", 66.93, 66.93, 43.31, 0],
		[117, "H3_10", 1146.46, -1374.02, "T", "DIP", "$1N7412", "", "C", 66.93, 66.93, 43.31, 0],
		[118, "H3_10", 1146.46, -1374.02, "B", "DIP", "$1N7412", "", "C", 66.93, 66.93, 43.31, 0],
		[119, "H3_11", 1246.46, -1374.02, "T", "DIP", "$1N7455", "", "C", 66.93, 66.93, 43.31, 0],
		[120, "H3_11", 1246.46, -1374.02, "B", "DIP", "$1N7455", "", "C", 66.93, 66.93, 43.31, 0],
		[121, "H3_12", 1346.46, -1374.02, "T", "DIP", "$1N7498", "", "C", 66.93, 66.93, 43.31, 0],
		[122, "H3_12", 1346.46, -1374.02, "B", "DIP", "$1N7498", "", "C", 66.93, 66.93, 43.31, 0],
		[123, "H3_13", 1446.46, -1374.02, "T", "DIP", "$1N7541", "", "C", 66.93, 66.93, 43.31, 0],
		[124, "H3_13", 1446.46, -1374.02, "B", "DIP", "$1N7541", "", "C", 66.93, 66.93, 43.31, 0],
		[125, "LED1_1", 1473.35, -366, "T", "SMD", "LED_RUN", "", "R", 25.1, 21.3, 0, 0],
		[126, "LED1_2", 1515.75, -366, "T", "SMD", "$1N10835", "", "R", 25.1, 21.3, 0, 0],
		[127, "LED2_1", 1473.35, -419.99, "T", "SMD", "LED_CON", "", "R", 25.1, 21.3, 0, 0],
		[128, "LED2_2", 1515.75, -419.99, "T", "SMD", "$1N10837", "", "R", 25.1, 21.3, 0, 0],
		[129, "R3_1", 643.04, -654, "T", "SMD", "$1N6399", "", "R", 22.27, 21.26, 0, 180],
		[130, "R3_2", 608.96, -654, "T", "SMD", "PICO_DP", "", "R", 22.27, 21.26, 0, 180],
		[131, "R4_1", 643.04, -606.99, "T", "SMD", "$1N6401", "", "R", 22.27, 21.26, 0, 180],
		[132, "R4_2", 608.96, -606.99, "T", "SMD", "PICO_DN", "", "R", 22.27, 21.26, 0, 180],
		[133, "R5_1", 294, -876.96, "T", "SMD", "SS", "", "R", 22.27, 21.26, 0, 270],
		[134, "R5_2", 294, -911.04, "T", "SMD", "3V3", "", "R", 22.27, 21.26, 0, 270],
		[135, "R6_1", 244, -911.04, "T", "SMD", "$1N3739", "", "R", 22.27, 21.26, 0, 90],
		[136, "R6_2", 244, -876.96, "T", "SMD", "SS", "", "R", 22.27, 21.26, 0, 90],
		[137, "R20_1", 1060, -634.96, "T", "SMD", "$1N3717", "", "R", 22.27, 21.26, 0, 270],
		[138, "R20_2", 1060, -669.04, "T", "SMD", "XO", "", "R", 22.27, 21.26, 0, 270],
		[139, "R46_1", 347, -1257.96, "T", "SMD", "CHAN0", "", "R", 22.27, 21.26, 0, 270],
		[140, "R46_2", 347, -1292.04, "T", "SMD", "$1N7068", "", "R", 22.27, 21.26, 0, 270],
		[141, "R47_1", 447, -1257.96, "T", "SMD", "CHAN1", "", "R", 22.27, 21.26, 0, 270],
		[142, "R47_2", 447, -1292.04, "T", "SMD", "$1N7111", "", "R", 22.27, 21.26, 0, 270],
		[143, "R48_1", 547, -1257.96, "T", "SMD", "CHAN2", "", "R", 22.27, 21.26, 0, 270],
		[144, "R48_2", 547, -1292.04, "T", "SMD", "$1N7154", "", "R", 22.27, 21.26, 0, 270],
		[145, "R49_1", 647, -1257.96, "T", "SMD", "CHAN3", "", "R", 22.27, 21.26, 0, 270],
		[146, "R49_2", 647, -1292.04, "T", "SMD", "$1N7197", "", "R", 22.27, 21.26, 0, 270],
		[147, "R50_1", 747, -1257.96, "T", "SMD", "CHAN4", "", "R", 22.27, 21.26, 0, 270],
		[148, "R50_2", 747, -1292.04, "T", "SMD", "$1N7240", "", "R", 22.27, 21.26, 0, 270],
		[149, "R51_1", 847, -1257.96, "T", "SMD", "CHAN5", "", "R", 22.27, 21.26, 0, 270],
		[150, "R51_2", 847, -1292.04, "T", "SMD", "$1N7283", "", "R", 22.27, 21.26, 0, 270],
		[151, "R52_1", 947, -1257.96, "T", "SMD", "CHAN6", "", "R", 22.27, 21.26, 0, 270],
		[152, "R52_2", 947, -1292.04, "T", "SMD", "$1N7326", "", "R", 22.27, 21.26, 0, 270],
		[153, "R53_1", 1047, -1257.96, "T", "SMD", "CHAN7", "", "R", 22.27, 21.26, 0, 270],
		[154, "R53_2", 1047, -1292.04, "T", "SMD", "$1N7369", "", "R", 22.27, 21.26, 0, 270],
		[155, "R54_1", 1147, -1257.96, "T", "SMD", "SWD", "", "R", 22.27, 21.26, 0, 270],
		[156, "R54_2", 1147, -1292.04, "T", "SMD", "$1N7412", "", "R", 22.27, 21.26, 0, 270],
		[157, "R55_1", 1247, -1257.96, "T", "SMD", "SCK", "", "R", 22.27, 21.26, 0, 270],
		[158, "R55_2", 1247, -1292.04, "T", "SMD", "$1N7455", "", "R", 22.27, 21.26, 0, 270],
		[159, "R56_1", 1347, -1257.96, "T", "SMD", "RXD", "", "R", 22.27, 21.26, 0, 270],
		[160, "R56_2", 1347, -1292.04, "T", "SMD", "$1N7498", "", "R", 22.27, 21.26, 0, 270],
		[161, "R57_1", 1447, -1257.96, "T", "SMD", "TXD", "", "R", 22.27, 21.26, 0, 270],
		[162, "R57_2", 1447, -1292.04, "T", "SMD", "$1N7541", "", "R", 22.27, 21.26, 0, 270],
		[163, "R58_1", 1587.04, -366, "T", "SMD", "$1N10835", "", "R", 22.27, 21.26, 0, 0],
		[164, "R58_2", 1621.12, -366, "T", "SMD", "3V3", "", "R", 22.27, 21.26, 0, 0],
		[165, "R59_1", 1587.04, -420, "T", "SMD", "$1N10837", "", "R", 22.27, 21.26, 0, 0],
		[166, "R59_2", 1621.12, -420, "T", "SMD", "3V3", "", "R", 22.27, 21.26, 0, 0],
		[167, "R60_1", 1650, -700.96, "T", "SMD", "$1N10559", "", "R", 22.27, 21.26, 0, 270],
		[168, "R60_2", 1650, -735.04, "T", "SMD", "CH549_DP", "", "R", 22.27, 21.26, 0, 270],
		[169, "U15_1", 1189.46, -733.31, "T", "SMD", "XI", "", "R", 55.12, 47.24, 0, 90],
		[170, "U15_2", 1189.46, -646.69, "T", "SMD", "GND", "GND", "R", 55.12, 47.24, 0, 90],
		[171, "U15_3", 1122.53, -646.69, "T", "SMD", "$1N3717", "", "R", 55.12, 47.24, 0, 90],
		[172, "U15_4", 1122.53, -733.31, "T", "SMD", "GND", "GND", "R", 55.12, 47.24, 0, 90],
		[173, "U37_1", 178, -583.38, "T", "SMD", "GND", "GND", "R", 53.15, 78.74, 0, 270],
		[174, "U37_2", 178, -756.62, "T", "SMD", "$1N4612", "", "R", 53.15, 78.74, 0, 270],
		[175, "U38_1", 1131.38, -388, "T", "SMD", "RUN", "", "R", 53.15, 78.74, 0, 0],
		[176, "U38_2", 1304.62, -388, "T", "SMD", "GND", "GND", "R", 53.15, 78.74, 0, 0],
		[177, "U39_1", 1131.38, -242, "T", "SMD", "ADC3", "", "R", 53.15, 78.74, 0, 0],
		[178, "U39_2", 1304.62, -242, "T", "SMD", "GND", "GND", "R", 53.15, 78.74, 0, 0],
		[179, "U41_1", 744.09, -818.43, "T", "SMD", "3V3", "", "R", 43.31, 7.87, 0, 90],
		[180, "U41_2", 759.84, -818.43, "T", "SMD", "U41_2", "", "R", 43.31, 7.87, 0, 90],
		[181, "U41_3", 775.59, -818.43, "T", "SMD", "U41_3", "", "R", 43.31, 7.87, 0, 90],
		[182, "U41_4", 791.34, -818.43, "T", "SMD", "CHAN0", "", "R", 43.31, 7.87, 0, 90],
		[183, "U41_5", 807.08, -818.43, "T", "SMD", "CHAN1", "", "R", 43.31, 7.87, 0, 90],
		[184, "U41_6", 822.83, -818.43, "T", "SMD", "CHAN2", "", "R", 43.31, 7.87, 0, 90],
		[185, "U41_7", 838.58, -818.43, "T", "SMD", "CHAN3", "", "R", 43.31, 7.87, 0, 90],
		[186, "U41_8", 854.33, -818.43, "T", "SMD", "CHAN4", "", "R", 43.31, 7.87, 0, 90],
		[187, "U41_9", 870.08, -818.43, "T", "SMD", "CHAN5", "", "R", 43.31, 7.87, 0, 90],
		[188, "U41_10", 885.82, -818.43, "T", "SMD", "3V3", "", "R", 43.31, 7.87, 0, 90],
		[189, "U41_11", 901.57, -818.43, "T", "SMD", "CHAN6", "", "R", 43.31, 7.87, 0, 90],
		[190, "U41_12", 917.32, -818.43, "T", "SMD", "CHAN7", "", "R", 43.31, 7.87, 0, 90],
		[191, "U41_13", 933.07, -818.43, "T", "SMD", "U41_13", "", "R", 43.31, 7.87, 0, 90],
		[192, "U41_14", 948.82, -818.43, "T", "SMD", "U41_14", "", "R", 43.31, 7.87, 0, 90],
		[193, "U41_15", 986.22, -781.02, "T", "SMD", "U41_15", "", "R", 43.31, 7.87, 0, 180],
		[194, "U41_16", 986.22, -765.28, "T", "SMD", "U41_16", "", "R", 43.31, 7.87, 0, 180],
		[195, "U41_17", 986.22, -749.53, "T", "SMD", "U41_17", "", "R", 43.31, 7.87, 0, 180],
		[196, "U41_18", 986.22, -733.78, "T", "SMD", "U41_18", "", "R", 43.31, 7.87, 0, 180],
		[197, "U41_19", 986.22, -718.03, "T", "SMD", "GND", "GND", "R", 43.31, 7.87, 0, 180],
		[198, "U41_20", 986.22, -702.28, "T", "SMD", "XI", "", "R", 43.31, 7.87, 0, 180],
		[199, "U41_21", 986.22, -686.54, "T", "SMD", "XO", "", "R", 43.31, 7.87, 0, 180],
		[200, "U41_22", 986.22, -670.79, "T", "SMD", "3V3", "", "R", 43.31, 7.87, 0, 180],
		[201, "U41_23", 986.22, -655.04, "T", "SMD", "+1V", "", "R", 43.31, 7.87, 0, 180],
		[202, "U41_24", 986.22, -639.29, "T", "SMD", "U41_24", "", "R", 43.31, 7.87, 0, 180],
		[203, "U41_25", 986.22, -623.54, "T", "SMD", "U41_25", "", "R", 43.31, 7.87, 0, 180],
		[204, "U41_26", 986.22, -607.8, "T", "SMD", "RUN", "", "R", 43.31, 7.87, 0, 180],
		[205, "U41_27", 986.22, -592.05, "T", "SMD", "U41_27", "", "R", 43.31, 7.87, 0, 180],
		[206, "U41_28", 986.22, -576.3, "T", "SMD", "U41_28", "", "R", 43.31, 7.87, 0, 180],
		[207, "U41_29", 948.82, -538.89, "T", "SMD", "U41_29", "", "R", 43.31, 7.87, 0, 270],
		[208, "U41_30", 933.07, -538.89, "T", "SMD", "U41_30", "", "R", 43.31, 7.87, 0, 270],
		[209, "U41_31", 917.32, -538.89, "T", "SMD", "U41_31", "", "R", 43.31, 7.87, 0, 270],
		[210, "U41_32", 901.57, -538.89, "T", "SMD", "U41_32", "", "R", 43.31, 7.87, 0, 270],
		[211, "U41_33", 885.82, -538.89, "T", "SMD", "3V3", "", "R", 43.31, 7.87, 0, 270],
		[212, "U41_34", 870.08, -538.89, "T", "SMD", "U41_34", "", "R", 43.31, 7.87, 0, 270],
		[213, "U41_35", 854.33, -538.89, "T", "SMD", "U41_35", "", "R", 43.31, 7.87, 0, 270],
		[214, "U41_36", 838.58, -538.89, "T", "SMD", "U41_36", "", "R", 43.31, 7.87, 0, 270],
		[215, "U41_37", 822.83, -538.89, "T", "SMD", "U41_37", "", "R", 43.31, 7.87, 0, 270],
		[216, "U41_38", 807.08, -538.89, "T", "SMD", "U41_38", "", "R", 43.31, 7.87, 0, 270],
		[217, "U41_39", 791.34, -538.89, "T", "SMD", "U41_39", "", "R", 43.31, 7.87, 0, 270],
		[218, "U41_40", 775.59, -538.89, "T", "SMD", "U41_40", "", "R", 43.31, 7.87, 0, 270],
		[219, "U41_41", 759.84, -538.89, "T", "SMD", "ADC3", "", "R", 43.31, 7.87, 0, 270],
		[220, "U41_42", 744.09, -538.89, "T", "SMD", "3V3", "", "R", 43.31, 7.87, 0, 270],
		[221, "U41_43", 706.69, -576.3, "T", "SMD", "3V3", "", "R", 43.31, 7.87, 0, 0],
		[222, "U41_44", 706.69, -592.05, "T", "SMD", "3V3", "", "R", 43.31, 7.87, 0, 0],
		[223, "U41_45", 706.69, -607.8, "T", "SMD", "+1V", "", "R", 43.31, 7.87, 0, 0],
		[224, "U41_46", 706.69, -623.54, "T", "SMD", "$1N6401", "", "R", 43.31, 7.87, 0, 0],
		[225, "U41_47", 706.69, -639.29, "T", "SMD", "$1N6399", "", "R", 43.31, 7.87, 0, 0],
		[226, "U41_48", 706.69, -655.04, "T", "SMD", "3V3", "", "R", 43.31, 7.87, 0, 0],
		[227, "U41_49", 706.69, -670.79, "T", "SMD", "3V3", "", "R", 43.31, 7.87, 0, 0],
		[228, "U41_50", 706.69, -686.54, "T", "SMD", "+1V", "", "R", 43.31, 7.87, 0, 0],
		[229, "U41_51", 706.69, -702.28, "T", "SMD", "D3", "", "R", 43.31, 7.87, 0, 0],
		[230, "U41_52", 706.69, -718.03, "T", "SMD", "SCLK", "", "R", 43.31, 7.87, 0, 0],
		[231, "U41_53", 706.69, -733.78, "T", "SMD", "D0", "", "R", 43.31, 7.87, 0, 0],
		[232, "U41_54", 706.69, -749.53, "T", "SMD", "D2", "", "R", 43.31, 7.87, 0, 0],
		[233, "U41_55", 706.69, -765.28, "T", "SMD", "D1", "", "R", 43.31, 7.87, 0, 0],
		[234, "U41_56", 706.69, -781.02, "T", "SMD", "SS", "", "R", 43.31, 7.87, 0, 0],
		[235, "U41_57", 846.45, -678.66, "T", "SMD", "GND", "GND", "R", 122.05, 122.05, 0, 90],
		[236, "U42_1", 337, -824.98, "T", "SMD", "SS", "", "O", 24.8, 88.58, 0, 0],
		[237, "U42_2", 387, -824.98, "T", "SMD", "D1", "", "O", 24.8, 88.58, 0, 0],
		[238, "U42_3", 437, -824.98, "T", "SMD", "D2", "", "O", 24.8, 88.58, 0, 0],
		[239, "U42_4", 487, -824.98, "T", "SMD", "GND", "GND", "O", 24.8, 88.58, 0, 0],
		[240, "U42_5", 487, -547.02, "T", "SMD", "D0", "", "O", 24.8, 88.58, 0, 0],
		[241, "U42_6", 437, -547.02, "T", "SMD", "SCLK", "", "O", 24.8, 88.58, 0, 0],
		[242, "U42_7", 387, -547.02, "T", "SMD", "D3", "", "O", 24.8, 88.58, 0, 0],
		[243, "U42_8", 337, -547.02, "T", "SMD", "3V3", "", "O", 24.8, 88.58, 0, 0],
		[244, "U43_1", 1356.91, -533.66, "T", "SMD", "SWD", "", "O", 22.05, 68.7, 0, 270],
		[245, "U43_2", 1356.91, -583.66, "T", "SMD", "SCK", "", "O", 22.05, 68.7, 0, 270],
		[246, "U43_3", 1356.91, -633.66, "T", "SMD", "U43_3", "", "O", 22.05, 68.7, 0, 270],
		[247, "U43_4", 1356.91, -683.66, "T", "SMD", "LED_RUN", "", "O", 22.05, 68.7, 0, 270],
		[248, "U43_5", 1356.91, -733.66, "T", "SMD", "LED_CON", "", "O", 22.05, 68.7, 0, 270],
		[249, "U43_6", 1356.91, -783.66, "T", "SMD", "U43_6", "", "O", 22.05, 68.7, 0, 270],
		[250, "U43_7", 1356.91, -833.66, "T", "SMD", "RXD", "", "O", 22.05, 68.7, 0, 270],
		[251, "U43_8", 1356.91, -883.66, "T", "SMD", "TXD", "", "O", 22.05, 68.7, 0, 270],
		[252, "U43_9", 1583.09, -883.66, "T", "SMD", "U43_9", "", "O", 22.05, 68.7, 0, 270],
		[253, "U43_10", 1583.09, -833.66, "T", "SMD", "U43_10", "", "O", 22.05, 68.7, 0, 270],
		[254, "U43_11", 1583.09, -783.66, "T", "SMD", "U43_11", "", "O", 22.05, 68.7, 0, 270],
		[255, "U43_12", 1583.09, -733.66, "T", "SMD", "CH549_DP", "", "O", 22.05, 68.7, 0, 270],
		[256, "U43_13", 1583.09, -683.66, "T", "SMD", "CH549_DN", "", "O", 22.05, 68.7, 0, 270],
		[257, "U43_14", 1583.09, -633.66, "T", "SMD", "GND", "GND", "O", 22.05, 68.7, 0, 270],
		[258, "U43_15", 1583.09, -583.66, "T", "SMD", "+5V", "", "O", 22.05, 68.7, 0, 270],
		[259, "U43_16", 1583.09, -533.66, "T", "SMD", "$1N10559", "", "O", 22.05, 68.7, 0, 270],
		[260, "U44_1", 1383.38, -242, "T", "SMD", "TXD", "", "R", 53.15, 78.74, 0, 0],
		[261, "U44_2", 1556.62, -242, "T", "SMD", "GND", "GND", "R", 53.15, 78.74, 0, 0],
		[262, "USB5_1", 390.67, -846.46, "B", "SMD", "+5V", "", "R", 78.74, 39.37, 0, 0],
		[263, "USB5_2", 390.67, -748.05, "B", "SMD", "USBA_DN", "", "R", 78.74, 39.37, 0, 0],
		[264, "USB5_3", 390.67, -669.3, "B", "SMD", "USBA_DP", "", "R", 78.74, 39.37, 0, 0],
		[265, "USB5_4", 390.67, -570.87, "B", "SMD", "GND", "GND", "R", 78.74, 39.37, 0, 0],
		[266, "USB5_5", 311.96, -1008.86, "B", "SMD", "GND", "GND", "R", 110.24, 90.55, 0, 90],
		[267, "USB5_6", 71.77, -1008.86, "B", "SMD", "GND", "GND", "R", 110.24, 90.55, 0, 90],
		[268, "USB5_7", 71.77, -408.47, "B", "SMD", "GND", "GND", "R", 110.24, 90.55, 0, 90],
		[269, "USB5_8", 311.96, -408.47, "B", "SMD", "GND", "GND", "R", 110.24, 90.55, 0, 90]
	]
}
}